unit,Deutsch,Spanisch,Status,flip
Unidad 1,Hallo,¡Hola!,learn,FALSE
Unidad 1,Wie geht’s?,¿Qué tal?,learn,FALSE
Unidad 1,Guten Morgen,¡Buenos días!,learn,FALSE
Unidad 1,Guten Tag,Buenas tardes,learn,FALSE
Unidad 1,Gute Nacht,¡Buenas noches!,learn,FALSE
Unidad 1,ich heiße …,Me llamo …,learn,FALSE
Unidad 1,und,y,learn,FALSE
Unidad 1,ich bin,soy,learn,FALSE
Unidad 1,von / aus,de,learn,FALSE
Unidad 1,ich bin aus …,soy de …,learn,FALSE
Unidad 1,du,tú,learn,FALSE
Unidad 1,Wie … ?,¿Cómo … ?,learn,FALSE
Unidad 1,Wie heißt du?,¿Cómo te llamas?,learn,FALSE
Unidad 1,ich,yo,learn,FALSE
Unidad 1,auch,también,learn,FALSE
Unidad 1,Schüler(in) / Student(in),el/la estudiante,learn,FALSE
Unidad 1,Lehrer(in),el profesor / la profesora,learn,FALSE
Unidad 1,Spanisch,el español,learn,FALSE
Unidad 1,aber,pero,learn,FALSE
Unidad 1,ich lebe / wohne,vivo,learn,FALSE
Unidad 1,in / auf,en,learn,FALSE
Unidad 1,Wo … ?,¿Dónde … ?,learn,FALSE
Unidad 1,Woher bist du?,¿De dónde eres?,learn,FALSE
Unidad 1,sehr,muy,learn,FALSE
Unidad 1,gut,bien,learn,FALSE
Unidad 1,Danke,Gracias,learn,FALSE
Unidad 1,auf Deutsch,en alemán,learn,FALSE
Unidad 1,man sagt …,se dice …,learn,FALSE
Unidad 1,Guten Tag,Guten Tag,learn,FALSE
Unidad 1,Guten Abend,Buenas tardes,learn,FALSE
Unidad 1,Gute Nacht,¡Buenas noches!,learn,FALSE
Unidad 1,Wie geht es dir?,¿Cómo estás?,learn,FALSE
Unidad 1,sehr gut,muy bien,learn,FALSE
Unidad 1,Wo lebst du?,¿Dónde vives?,learn,FALSE
Unidad 1,der Dialog,el diálogo,learn,FALSE
Unidad 1,das Foto,la foto,learn,FALSE
Unidad 1,Frau,señora,learn,FALSE
Unidad 1,Herr,señor,learn,FALSE
Unidad 1,Sie (Anrede),usted / ustedes,learn,FALSE
Unidad 1,Wie geht es Ihnen?,¿Cómo está usted?,learn,FALSE
Unidad 1,ja,sí,learn,FALSE
Unidad 1,gut,bueno,learn,FALSE
Unidad 1,so so,así así,learn,FALSE
Unidad 1,viel Stress,mucho estrés,learn,FALSE
Unidad 1,also,pues,learn,FALSE
Unidad 1,Toll!,¡Ánimo!,learn,FALSE
Unidad 1,Bis später!,¡Hasta luego!,learn,FALSE
Unidad 1,Tschüss,¡Adiós!,learn,FALSE
Unidad 1,O.K.,Vale,learn,FALSE
Unidad 1,der Kuss,el beso,learn,FALSE
Unidad 1,Bis bald!,¡Hasta pronto!,learn,FALSE
Unidad 1,Bis zum nächsten Mal,¡Hasta la próxima!,learn,FALSE
Unidad 1,super,genial,learn,FALSE
Unidad 1,schlecht,mal,learn,FALSE
Unidad 1,sehr schlecht,fatal,learn,FALSE
Unidad 1,der Platz,la plaza,learn,FALSE
Unidad 1,das Stadion,el estadio,learn,FALSE
Unidad 1,die Tapas,la tapa,learn,FALSE
Unidad 1,die U-Bahn,el metro,learn,FALSE
Unidad 1,das Museum,el museo,learn,FALSE
Unidad 1,der Park,el parque,learn,FALSE
Unidad 1,die Straße,la calle,learn,FALSE
Unidad 1,der Junge,el chico,learn,FALSE
Unidad 1,das Mädchen,la chica,learn,FALSE
Unidad 1,das Problem,el problema,learn,FALSE
Unidad 1,der Freund / die Freundin,el amigo / la amiga,learn,FALSE
Unidad 1,das Telefon,el teléfono,learn,FALSE
Unidad 1,der Strand,la playa,learn,FALSE
Unidad 1,das Restaurant,el restaurante,learn,FALSE
Unidad 1,die Gitarre,la guitarra,learn,FALSE
Unidad 1,die Bar,el bar,learn,FALSE
Unidad 1,man schreibt,se escribe,learn,FALSE
Unidad 1,der Name,el nombre,learn,FALSE
Unidad 1,der Nachname,el apellido,learn,FALSE
Unidad 1,mit,con,learn,FALSE
Unidad 1,Umlaut,dos puntos,learn,FALSE
Unidad 1,der Akzent,el acento,learn,FALSE
Unidad 1,die Hauptstadt,la capital,learn,FALSE
Unidad 1,Wie alt bist du?,¿Cuántos años tienes?,learn,FALSE
Unidad 1,Jahre,años,learn,FALSE
Unidad 1,die Telefonnummer,el número de teléfono,learn,FALSE
Unidad 1,das Handy,el móvil,learn,FALSE
Unidad 1,mein / meine,mi,learn,FALSE
Unidad 1,die Adresse,la dirección,learn,FALSE
Unidad 1,die E-Mail,el correo electrónico,learn,FALSE
Unidad 1,das @-Zeichen,la arroba,learn,FALSE
Unidad 1,der Punkt,el punto,learn,FALSE
Unidad 1,der Bindestrich,el guion,learn,FALSE
Unidad 1,der Unterstrich,el guion bajo,learn,FALSE
Unidad 2,die Familie,la familia,learn,FALSE
Unidad 2,meine (Pl.),mis,learn,FALSE
Unidad 2,der Hund,el perro,learn,FALSE
Unidad 2,der Vater,el padre,learn,FALSE
Unidad 2,die Mutter,la madre,learn,FALSE
Unidad 2,der Bruder / die Schwester,el hermano / la hermana,learn,FALSE
Unidad 2,die Stadt,la ciudad,learn,FALSE
Unidad 2,der feste Freund / die feste Freundin,el novio / la novia,learn,FALSE
Unidad 2,der beste Freund / die beste Freundin,el mejor amigo / la mejor amiga,learn,FALSE
Unidad 2,der Klassenkamerad / die Klassenkameradin,el compañero de clase / la compañera de clase,learn,FALSE
Unidad 2,er/sie heißt …,se llama …,learn,FALSE
Unidad 2,haben,tener,learn,FALSE
Unidad 2,Wie heißt …?,¿Cómo se llama …?,learn,FALSE
Unidad 2,das Haustier,la mascota,learn,FALSE
Unidad 2,Hast du …?,¿Tienes …?,learn,FALSE
Unidad 2,ich habe,tengo,learn,FALSE
Unidad 2,nein / nicht,no,learn,FALSE
Unidad 2,die Geschwister,los hermanos,learn,FALSE
Unidad 2,"das stimmt doch, oder?",¿Verdad?,learn,FALSE
Unidad 2,Wer … ? / Wer (Pl.) … ?,¿Quién … ? / ¿Quiénes … ?,learn,FALSE
Unidad 2,sein,ser,learn,FALSE
Unidad 2,der Großvater,el abuelo,learn,FALSE
Unidad 2,die Großmutter,la abuela,learn,FALSE
Unidad 2,der Onkel,el tío,learn,FALSE
Unidad 2,die Tante,la tía,learn,FALSE
Unidad 2,der Cousin / die Cousine,el primo / la prima,learn,FALSE
Unidad 2,die Eltern,los padres,learn,FALSE
Unidad 2,die Großeltern,los abuelos,learn,FALSE
Unidad 2,sprechen / reden,hablar,learn,FALSE
Unidad 2,die Sprache,el idioma,learn,FALSE
Unidad 2,Englisch,el inglés,learn,FALSE
Unidad 2,Katalanisch,el catalán,learn,FALSE
Unidad 2,arbeiten,trabajar,learn,FALSE
Unidad 2,das Gymnasium,el instituto,learn,FALSE
Unidad 2,der Sohn,el hijo,learn,FALSE
Unidad 2,die Tochter,la hija,learn,FALSE
Unidad 2,die Kinder,los hijos,learn,FALSE
Unidad 2,der Ingenieur / die Ingenieurin,el ingeniero / la ingeniera,learn,FALSE
Unidad 2,Deutsch,el alemán,learn,FALSE
Unidad 2,sehr schlecht,muy mal,learn,FALSE
Unidad 2,der Partner / die Partnerin,la pareja,learn,FALSE
Unidad 2,der Fotograf / die Fotografin,el fotógrafo / la fotógrafa,learn,FALSE
Unidad 2,kochen,cocinar,learn,FALSE
Unidad 2,immer,siempre,learn,FALSE
Unidad 2,hören,escuchar,learn,FALSE
Unidad 2,die Musik,la música,learn,FALSE
Unidad 2,lernen / studieren,estudiar,learn,FALSE
Unidad 2,ein bisschen,un poco,learn,FALSE
Unidad 2,Französisch,el francés,learn,FALSE
Unidad 2,verbringen,pasar,learn,FALSE
Unidad 2,die Ferien / der Urlaub,las vacaciones,learn,FALSE
Unidad 2,der Sommer,el verano,learn,FALSE
Unidad 2,nur,solo,learn,FALSE
Unidad 2,die Katze,el gato,learn,FALSE
Unidad 2,Das ist nicht richtig.,No es correcto.,learn,FALSE
Unidad 2,sein (Possessiv),su,learn,FALSE
Unidad 2,dein(e),tus,learn,FALSE
Unidad 2,Welche … ?,¿Qué … ?,learn,FALSE
Unidad 2,die Person,la persona,learn,FALSE
Unidad 2,das Haus,la casa,learn,FALSE
Unidad 2,feiern,celebrar,learn,FALSE
Unidad 2,die Party / das Fest,la fiesta,learn,FALSE
Unidad 2,Lust haben,tener ganas,learn,FALSE
Unidad 2,der Geburtstag,el cumpleaños,learn,FALSE
Unidad 2,hier,aquí,learn,FALSE
Unidad 2,das ist …,este / esta es …,learn,FALSE
Unidad 2,wie,como,learn,FALSE
Unidad 2,die Zeit,el tiempo,learn,FALSE
Unidad 2,die Freizeit,el tiempo libre,learn,FALSE
Unidad 2,tanzen,bailar,learn,FALSE
Unidad 2,der Salsa,la salsa,learn,FALSE
Unidad 2,lesen,leer,learn,FALSE
Unidad 2,der Comic,el cómic,learn,FALSE
Unidad 2,spielen (Instrument),tocar,learn,FALSE
Unidad 2,der Horror,el horror,learn,FALSE
Unidad 2,weil,porque,learn,FALSE
Unidad 2,wohnen / leben,vivir,learn,FALSE
Unidad 2,schreiben,escribir,learn,FALSE
Unidad 2,die Nachricht,el mensaje,learn,FALSE
Unidad 2,den ganzen Tag,todo el día,learn,FALSE
Unidad 2,dort,allí,learn,FALSE
Unidad 2,toll! / wie toll!,¡Qué guay!,learn,FALSE
Unidad 3,das (Stadt-)Viertel,el barrio,learn,FALSE
Unidad 3,das Dorf,el pueblo,learn,FALSE
Unidad 3,die Wohnung,el piso,learn,FALSE
Unidad 3,es gibt,hay,learn,FALSE
Unidad 3,die Diskothek,la discoteca,learn,FALSE
Unidad 3,das Kino,el cine,learn,FALSE
Unidad 3,das Schwimmbad / der Pool,la piscina,learn,FALSE
Unidad 3,der Supermarkt,el supermercado,learn,FALSE
Unidad 3,der Laden / das Geschäft,la tienda,learn,FALSE
Unidad 3,die Kleidung,la ropa,learn,FALSE
Unidad 3,das Bekleidungsgeschäft,la tienda de ropa,learn,FALSE
Unidad 3,die U-Bahn-Station,la parada de metro,learn,FALSE
Unidad 3,das Einkaufszentrum,el centro comercial,learn,FALSE
Unidad 3,viel,"mucho, -a",learn,FALSE
Unidad 3,wenig,"poco, -a",learn,FALSE
Unidad 3,deswegen / deshalb,por eso,learn,FALSE
Unidad 3,laut,"ruidoso, -a",learn,FALSE
Unidad 3,alternativ,"alternativo, -a",learn,FALSE
Unidad 3,interessant,interesante,learn,FALSE
Unidad 3,zum Beispiel,por ejemplo,learn,FALSE
Unidad 3,schön,"bonito, -a",learn,FALSE
Unidad 3,alt,"antiguo, -a",learn,FALSE
Unidad 3,modern,"moderno, -a",learn,FALSE
Unidad 3,klein,"pequeño, -a",learn,FALSE
Unidad 3,der Satz,la frase,learn,FALSE
Unidad 3,hässlich,"feo, -a",learn,FALSE
Unidad 3,langweilig,"aburrido, -a",learn,FALSE
Unidad 3,groß,grande,learn,FALSE
Unidad 3,ruhig,"tranquilo, -a",learn,FALSE
Unidad 3,anders / unterschiedlich,diferente,learn,FALSE
Unidad 3,das Zentrum,el centro,learn,FALSE
Unidad 3,sich befinden / sein,estar,learn,FALSE
Unidad 3,da,ahí,learn,FALSE
Unidad 3,der Kilometer,el kilómetro,learn,FALSE
Unidad 3,toll / klasse,guay,learn,FALSE
Unidad 3,in der Nähe von,cerca de,learn,FALSE
Unidad 3,berühmt,"famoso, -a",learn,FALSE
Unidad 3,das Gebäude,el edificio,learn,FALSE
Unidad 3,der Lieblings-,"favorito, -a",learn,FALSE
Unidad 3,die Leute,la gente,learn,FALSE
Unidad 3,das Land,el país,learn,FALSE
Unidad 3,außerdem,además,learn,FALSE
Unidad 3,sich treffen / verabreden,quedar,learn,FALSE
Unidad 3,die Woche,la semana,learn,FALSE
Unidad 3,das Wochenende,el fin de semana,learn,FALSE
Unidad 3,trinken / essen,tomar,learn,FALSE
Unidad 3,der Bahnhof,la estación,learn,FALSE
Unidad 3,der Zug,el tren,learn,FALSE
Unidad 3,drinnen,dentro,learn,FALSE
Unidad 3,der Garten,el jardín,learn,FALSE
Unidad 3,die Pflanze,la planta,learn,FALSE
Unidad 3,neben,al lado de,learn,FALSE
Unidad 3,die Kunst,el arte,learn,FALSE
Unidad 3,die Aktivität,la actividad,learn,FALSE
Unidad 3,kulturell,cultural,learn,FALSE
Unidad 3,jung,joven,learn,FALSE
Unidad 3,der Tourist / die Touristin,el turista / la turista,learn,FALSE
Unidad 3,neu,"nuevo, -a",learn,FALSE
Unidad 3,der öffentliche Nahverkehr,el transporte público,learn,FALSE
Unidad 3,gut,"bueno, -a",learn,FALSE
Unidad 3,der Fluss,el río,learn,FALSE
Unidad 3,perfekt / ideal,"perfecto, -a",learn,FALSE
Unidad 3,für,para,learn,FALSE
Unidad 3,der Spaziergang,el paseo,learn,FALSE
Unidad 3,das Fahrrad,la bicicleta,learn,FALSE
Unidad 3,multikulturell,multicultural,learn,FALSE
Unidad 3,die Universität,la universidad,learn,FALSE
Unidad 3,die Eisdiele,la heladería,learn,FALSE
Unidad 3,die Apotheke,la farmacia,learn,FALSE
Unidad 3,hinter,detrás de,learn,FALSE
Unidad 3,gegenüber von,enfrente de,learn,FALSE
Unidad 3,links von,a la izquierda de,learn,FALSE
Unidad 3,weit weg von,lejos de,learn,FALSE
Unidad 3,auf,encima de,learn,FALSE
Unidad 3,unter,debajo de,learn,FALSE
Unidad 3,vor,delante de,learn,FALSE
Unidad 3,zwischen,entre,learn,FALSE
Unidad 3,rechts von,a la derecha de,learn,FALSE
Unidad 3,das Wohnzimmer,el salón,learn,FALSE
Unidad 3,das Bad / die Toilette,el baño,learn,FALSE
Unidad 3,das Zimmer,la habitación,learn,FALSE
Unidad 3,die Küche,la cocina,learn,FALSE
Unidad 3,das Bett,la cama,learn,FALSE
Unidad 3,der Schrank,el armario,learn,FALSE
Unidad 3,der Computer,el ordenador,learn,FALSE
Unidad 3,der Balkon,el balcón,learn,FALSE
Unidad 3,der Stuhl,la silla,learn,FALSE
Unidad 3,der Tisch,la mesa,learn,FALSE
Unidad 3,der Fernseher,el televisor,learn,FALSE
Unidad 3,das Sofa,el sofá,learn,FALSE
Unidad 3,gehen / fahren,ir,learn,FALSE
Unidad 3,der Bus,el autobús,learn,FALSE
Unidad 3,das Auto,el coche,learn,FALSE
Unidad 3,nach / zu,a,learn,FALSE
Unidad 3,zu Fuß,a pie,learn,FALSE
Unidad 3,Entschuldigung,Perdón,learn,FALSE
Unidad 3,geradeaus,todo recto,learn,FALSE
Unidad 3,abbiegen,girar,learn,FALSE
Unidad 3,bis,hasta,learn,FALSE
Unidad 3,überqueren,cruzar,learn,FALSE
Unidad 3,nehmen,tomar,learn,FALSE
Unidad 3,am Ende von,al final de,learn,FALSE
Unidad 3,Vielen Dank,Muchas gracias,learn,FALSE
Unidad 3,die Linie,la línea,learn,FALSE
Unidad 4,mir gefällt etw. / ich mag etw.,me gusta algo,learn,FALSE
Unidad 4,nichts,nada,learn,FALSE
Unidad 4,sich ausruhen / eine Pause machen,descansar,learn,FALSE
Unidad 4,faul,"vago, -a",learn,FALSE
Unidad 4,die Turnhalle / das Fitnessstudio,el gimnasio,learn,FALSE
Unidad 4,machen (unregelmäßig),hacer,learn,FALSE
Unidad 4,der Sport,el deporte,learn,FALSE
Unidad 4,Sport treiben,hacer deporte,learn,FALSE
Unidad 4,das Buch,el libro,learn,FALSE
Unidad 4,normalerweise,normalmente,learn,FALSE
Unidad 4,spielen (mit jdm),jugar (a),learn,FALSE
Unidad 4,der Fußball,el fútbol,learn,FALSE
Unidad 4,reisen,viajar,learn,FALSE
Unidad 4,die Jugendlichen,los jóvenes,learn,FALSE
Unidad 4,benutzen / verwenden,usar,learn,FALSE
Unidad 4,sehen / anschauen,ver,learn,FALSE
Unidad 4,das Fernsehen,la televisión,learn,FALSE
Unidad 4,das Konzert,el concierto,learn,FALSE
Unidad 4,das Radio,la radio,learn,FALSE
Unidad 4,die Zeitung,el periódico,learn,FALSE
Unidad 4,die Zeitschrift,la revista,learn,FALSE
Unidad 4,das Theater,el teatro,learn,FALSE
Unidad 4,sehr / viel (Adverb),mucho (adv.),learn,FALSE
Unidad 4,ich auch,a mí también,learn,FALSE
Unidad 4,ich auch nicht,a mí tampoco,learn,FALSE
Unidad 4,gefallen / mögen (Frage),¿Te gusta …?,learn,FALSE
Unidad 4,das Essen / die Mahlzeit,la comida,learn,FALSE
Unidad 4,mexikanisch,"mexicano, -a",learn,FALSE
Unidad 4,der Kaffee,el café,learn,FALSE
Unidad 4,die Milch,la leche,learn,FALSE
Unidad 4,das Lied,la canción,learn,FALSE
Unidad 4,der Hamburger,la hamburguesa,learn,FALSE
Unidad 4,chatten,chatear,learn,FALSE
Unidad 4,der Tango,el tango,learn,FALSE
Unidad 4,die Schokolade,el chocolate,learn,FALSE
Unidad 4,mir gefällt etw. sehr / ich mache etw. sehr gerne,me encanta algo,learn,FALSE
Unidad 4,die Kultur,la cultura,learn,FALSE
Unidad 4,andere Aktivitäten,otras actividades,learn,FALSE
Unidad 4,der Reiseführer,la guía,learn,FALSE
Unidad 4,für,por,learn,FALSE
Unidad 4,das Geld,el dinero,learn,FALSE
Unidad 4,lecker,"rico, -a",learn,FALSE
Unidad 4,essen,comer,learn,FALSE
Unidad 4,der Churro,el churro,learn,FALSE
Unidad 4,das Café / die Cafeteria,la cafetería,learn,FALSE
Unidad 4,das Fußballspiel,el partido de fútbol,learn,FALSE
Unidad 4,die Sonne,el sol,learn,FALSE
Unidad 4,sich sonnen,tomar el sol,learn,FALSE
Unidad 4,cool finden / gut gefallen,molar,learn,FALSE
Unidad 4,der Flohmarkt,el mercadillo,learn,FALSE
Unidad 4,besuchen,visitar,learn,FALSE
Unidad 4,der Sonntag,el domingo,learn,FALSE
Unidad 4,ausgehen,salir,learn,FALSE
Unidad 4,der Vergnügungspark / Freizeitpark,el parque de atracciones,learn,FALSE
Unidad 4,das Musical,el musical,learn,FALSE
Unidad 4,ich würde gerne …,me gustaría …,learn,FALSE
Unidad 4,können / dürfen,poder,learn,FALSE
Unidad 4,surfen,el surf,learn,FALSE
Unidad 4,nie,nunca,learn,FALSE
Unidad 4,das Mal,la vez,learn,FALSE
Unidad 4,pro Woche,a la semana,learn,FALSE
Unidad 4,manchmal,a veces,learn,FALSE
Unidad 4,fast,casi,learn,FALSE
Unidad 4,die Zeichnung,el dibujo,learn,FALSE
Unidad 4,vor (zeitlich),menos,learn,FALSE
Unidad 4,wie spät ist es?,¿Qué hora es?,learn,FALSE
Unidad 4,Viertel,cuarto,learn,FALSE
Unidad 4,morgens,de la mañana,learn,FALSE
Unidad 4,nachmittags / abends,de la tarde,learn,FALSE
Unidad 4,nachts,de la noche,learn,FALSE
Unidad 4,um wie viel Uhr …?,¿A qué hora …?,learn,FALSE
Unidad 4,der Montag,el lunes,learn,FALSE
Unidad 4,der Dienstag,el martes,learn,FALSE
Unidad 4,der Mittwoch,el miércoles,learn,FALSE
Unidad 4,der Donnerstag,el jueves,learn,FALSE
Unidad 4,der Freitag,el viernes,learn,FALSE
Unidad 4,der Samstag,el sábado,learn,FALSE
Unidad 4,am Morgen,por la mañana,learn,FALSE
Unidad 4,am Nachmittag,por la tarde,learn,FALSE
Unidad 4,tun müssen,tener que,learn,FALSE
Unidad 4,das Eis,el helado,learn,FALSE
Unidad 4,Lust haben,tener ganas,learn,FALSE
Unidad 4,und (vor i / hi),e,learn,FALSE
Unidad 4,von … bis,de … a,learn,FALSE
Unidad 4,der Kuss,el besito,learn,FALSE
Unidad 4,die Überraschung,la sorpresa,learn,FALSE
Unidad 4,die Eintrittskarte,la entrada,learn,FALSE
Unidad 4,warum,¿Por qué …?,learn,FALSE
Unidad 4,zusammen,"juntos, -as",learn,FALSE
Unidad 4,wir sehen uns!,¡Nos vemos!,learn,FALSE
Unidad 4,kaufen,comprar,learn,FALSE
Unidad 4,das Geschenk,el regalo,learn,FALSE
Unidad 4,wann,¿Cuándo …?,learn,FALSE
Unidad 4,einkaufen gehen,ir de compras,learn,FALSE
Unidad 4,danach,después,learn,FALSE
Unidad 4,der Film,la película,learn,FALSE
Unidad 4,was hältst du davon?,¿Qué te parece?,learn,FALSE
Unidad 4,es tut mir leid,lo siento,learn,FALSE
Unidad 5,der Alltag,el día a día,learn,FALSE
Unidad 5,frühstücken,desayunar,learn,FALSE
Unidad 5,das Frühstück,el desayuno,learn,FALSE
Unidad 5,der Keks,la galleta,learn,FALSE
Unidad 5,auf etw./jdn warten,esperar algo / a alguien,learn,FALSE
Unidad 5,die Hausaufgaben,los deberes,learn,FALSE
Unidad 5,die Zwischenmahlzeit (am Nachmittag),la merienda,learn,FALSE
Unidad 5,zu Abend essen,cenar,learn,FALSE
Unidad 5,schlafen,dormir,learn,FALSE
Unidad 5,aufstehen,levantarse,learn,FALSE
Unidad 5,(sich) duschen,ducharse,learn,FALSE
Unidad 5,(sich) anziehen,ponerse algo,learn,FALSE
Unidad 5,sich waschen,lavarse,learn,FALSE
Unidad 5,der Zahn,el diente,learn,FALSE
Unidad 5,sich die Zähne putzen,lavarse los dientes,learn,FALSE
Unidad 5,der Unterricht / die Klasse,la clase,learn,FALSE
Unidad 5,zurückkommen / zurückkehren,volver,learn,FALSE
Unidad 5,der Teller,el plato,learn,FALSE
Unidad 5,abwaschen,lavar los platos,learn,FALSE
Unidad 5,am Abend / nachts,por la noche,learn,FALSE
Unidad 5,ausgehen,salir,learn,FALSE
Unidad 5,der Schlafanzug,el pijama,learn,FALSE
Unidad 5,gehen / weggehen,irse,learn,FALSE
Unidad 5,nach (Richtung),después de,learn,FALSE
Unidad 5,zu Fuß,a pie,learn,FALSE
Unidad 5,vor,antes de,learn,FALSE
Unidad 5,zuerst,primero,learn,FALSE
Unidad 5,dann / danach,entonces,learn,FALSE
Unidad 5,zum Schluss / am Ende,al final,learn,FALSE
Unidad 5,selten,pocas veces,learn,FALSE
Unidad 5,oft,muchas veces,learn,FALSE
Unidad 5,die Socke,el calcetín,learn,FALSE
Unidad 5,das belegte Brötchen,el bocadillo,learn,FALSE
Unidad 5,der Schüler / die Schülerin,el alumno / la alumna,learn,FALSE
Unidad 5,die Information,la información,learn,FALSE
Unidad 5,wichtig,importante,learn,FALSE
Unidad 5,der Schüleraustausch,el intercambio,learn,FALSE
Unidad 5,Vorsicht! / Achtung!,¡Cuidado!,learn,FALSE
Unidad 5,sich vorstellen,presentarse,learn,FALSE
Unidad 5,die Person,la persona,learn,FALSE
Unidad 5,unbekannt,"desconocido, -a",learn,FALSE
Unidad 5,jdm etw. geben,dar algo a alguien,learn,FALSE
Unidad 5,die Hand,la mano,learn,FALSE
Unidad 5,der Schuh,el zapato,learn,FALSE
Unidad 5,um etw. zu tun,para hacer algo,learn,FALSE
Unidad 5,hineingehen / eintreten,entrar,learn,FALSE
Unidad 5,etw. tragen,llevar,learn,FALSE
Unidad 5,ohne,sin,learn,FALSE
Unidad 5,das Loch,el agujero,learn,FALSE
Unidad 5,das Frühstück,el desayuno,learn,FALSE
Unidad 5,frühstücken,desayunar,learn,FALSE
Unidad 5,das Müsli / die Frühstücksflocken,los cereales,learn,FALSE
Unidad 5,das Obst,la fruta,learn,FALSE
Unidad 5,das Brot,el pan,learn,FALSE
Unidad 5,der Käse,el queso,learn,FALSE
Unidad 5,die Butter,la mantequilla,learn,FALSE
Unidad 5,die Marmelade,la mermelada,learn,FALSE
Unidad 5,bleiben,quedarse,learn,FALSE
Unidad 5,die Wurst,el fiambre,learn,FALSE
Unidad 5,aufstehen!,¡Arriba!,learn,FALSE
Unidad 5,glauben / meinen,creer,learn,FALSE
Unidad 5,schwierig,difícil,learn,FALSE
Unidad 5,früh,temprano,learn,FALSE
Unidad 5,brauchen,necesitar,learn,FALSE
Unidad 5,vorbereiten,preparar,learn,FALSE
Unidad 5,die Pause,el recreo,learn,FALSE
Unidad 5,umdenken,cambiar,learn,FALSE
Unidad 5,das Handy,el chip,learn,FALSE
Unidad 5,die Frage,la pregunta,learn,FALSE
Unidad 5,der Gruß,el saludo,learn,FALSE
Unidad 5,mit jdm einverstanden sein,estar de acuerdo con,learn,FALSE
Unidad 5,die Tafel,la pizarra,learn,FALSE
Unidad 5,das Klassenzimmer,el aula,learn,FALSE
Unidad 5,das Labor,el laboratorio,learn,FALSE
Unidad 5,die Bibliothek,la biblioteca,learn,FALSE
Unidad 5,die Informatik,la Informática,learn,FALSE
Unidad 5,der Computerraum,el aula de informática,learn,FALSE
Unidad 5,das Sekretariat,la secretaría,learn,FALSE
Unidad 5,der Schulhof,el patio,learn,FALSE
Unidad 5,unser / eure,"nuestro, -a / vuestro, -a",learn,FALSE
Unidad 5,die Wirtschaft,la Economía,learn,FALSE
Unidad 5,Mathematik,las Matemáticas,learn,FALSE
Unidad 5,Sport (Schulfach),la Educación Física,learn,FALSE
Unidad 5,Spanisch (Schulfach),Lengua y Literatura,learn,FALSE
Unidad 5,Geschichte,la Historia,learn,FALSE
Unidad 5,Kunst / Zeichnen,el Dibujo,learn,FALSE
Unidad 5,Philosophie,la Filosofía,learn,FALSE
Unidad 5,das Unterrichtsfach,la asignatura,learn,FALSE
Unidad 5,der Stundenplan,el horario,learn,FALSE
Unidad 5,wollen,querer,learn,FALSE
Unidad 5,ändern,cambiar,learn,FALSE
Unidad 5,anfangen / beginnen,empezar,learn,FALSE
Unidad 5,(be)enden,terminar,learn,FALSE
Unidad 5,lieber mögen,preferir,learn,FALSE
Unidad 5,die Minute,el minuto,learn,FALSE
Unidad 5,die Stunde,la hora,learn,FALSE
Unidad 5,die Prüfung / Klassenarbeit,el examen,learn,FALSE
Unidad 5,natürlich,por supuesto,learn,FALSE
Unidad 5,der Anschluss,la conexión,learn,FALSE
Unidad 5,das Internet,(el/la) Internet,learn,FALSE
Unidad 5,so / auf diese Weise,así,learn,FALSE
Unidad 5,laut / nach,según,learn,FALSE
Unidad 6,der Monat,el mes,learn,FALSE
Unidad 6,Januar,enero,learn,FALSE
Unidad 6,Februar,febrero,learn,FALSE
Unidad 6,März,marzo,learn,FALSE
Unidad 6,April,abril,learn,FALSE
Unidad 6,Mai,mayo,learn,FALSE
Unidad 6,Juni,junio,learn,FALSE
Unidad 6,Juli,julio,learn,FALSE
Unidad 6,August,agosto,learn,FALSE
Unidad 6,September,septiembre,learn,FALSE
Unidad 6,Oktober,octubre,learn,FALSE
Unidad 6,November,noviembre,learn,FALSE
Unidad 6,Dezember,diciembre,learn,FALSE
Unidad 6,der Kurs / das Schuljahr,el curso,learn,FALSE
Unidad 6,man muss,hay que,learn,FALSE
Unidad 6,etw. putzen / sauber machen,limpiar algo,learn,FALSE
Unidad 6,der Gast,el invitado / la invitada,learn,FALSE
Unidad 6,etw. trinken,beber algo,learn,FALSE
Unidad 6,einkaufen,hacer la compra,learn,FALSE
Unidad 6,die Einkaufsliste,la lista de la compra,learn,FALSE
Unidad 6,organisieren,organizar,learn,FALSE
Unidad 6,der Ort / der Platz,el lugar,learn,FALSE
Unidad 6,etw./jdn suchen,buscar algo / a alguien,learn,FALSE
Unidad 6,wenn / falls,si,learn,FALSE
Unidad 6,an etw./jdn denken,pensar en algo / alguien,learn,FALSE
Unidad 6,wie viel,"cuánto, -a",learn,FALSE
Unidad 6,die Einladung,la invitación,learn,FALSE
Unidad 6,jdn einladen,invitar a alguien,learn,FALSE
Unidad 6,kommen,venir,learn,FALSE
Unidad 6,das Getränk,la bebida,learn,FALSE
Unidad 6,etwas,algo,learn,FALSE
Unidad 6,die Pizza,la pizza,learn,FALSE
Unidad 6,der Salat,la ensalada,learn,FALSE
Unidad 6,die Pommes frites / Chips,las patatas fritas,learn,FALSE
Unidad 6,etw. hinlegen / setzen / stellen,poner algo,learn,FALSE
Unidad 6,das Wasser,el agua,learn,FALSE
Unidad 6,der Saft,el zumo,learn,FALSE
Unidad 6,das Erfrischungsgetränk,el refresco,learn,FALSE
Unidad 6,etw. dekorieren / schmücken,decorar algo,learn,FALSE
Unidad 6,notwendig,"necesario, -a",learn,FALSE
Unidad 6,das Spiel,el juego,learn,FALSE
Unidad 6,lustig,"divertido, -a",learn,FALSE
Unidad 6,mehr,más,learn,FALSE
Unidad 6,die Hilfe,la ayuda,learn,FALSE
Unidad 6,die Arbeit,el trabajo,learn,FALSE
Unidad 6,jdm bei etw. helfen,ayudar a alguien,learn,FALSE
Unidad 6,das Gemüse,la verdura,learn,FALSE
Unidad 6,das Fleisch,la carne,learn,FALSE
Unidad 6,der Fisch,el pescado,learn,FALSE
Unidad 6,das Milchprodukt,el producto lácteo,learn,FALSE
Unidad 6,die Tomate,el tomate,learn,FALSE
Unidad 6,die Orange,la naranja,learn,FALSE
Unidad 6,die Kartoffel,la patata,learn,FALSE
Unidad 6,das Hähnchen,el pollo,learn,FALSE
Unidad 6,der Knoblauch,el ajo,learn,FALSE
Unidad 6,der Kopfsalat,la lechuga,learn,FALSE
Unidad 6,das Öl,el aceite,learn,FALSE
Unidad 6,der Reis,el arroz,learn,FALSE
Unidad 6,der Schinken,el jamón,learn,FALSE
Unidad 6,das Salz,la sal,learn,FALSE
Unidad 6,der Zucker,el azúcar,learn,FALSE
Unidad 6,die Karotte,la zanahoria,learn,FALSE
Unidad 6,die Zwiebel,la cebolla,learn,FALSE
Unidad 6,die Olive,la aceituna,learn,FALSE
Unidad 6,die Paprika,el pimiento,learn,FALSE
Unidad 6,das Ei,el huevo,learn,FALSE
Unidad 6,die Avocado,el aguacate,learn,FALSE
Unidad 6,die Ananas,la piña,learn,FALSE
Unidad 6,der Honig,la miel,learn,FALSE
Unidad 6,der Thunfisch,el atún,learn,FALSE
Unidad 6,der Joghurt,el yogur,learn,FALSE
Unidad 6,die Gurke,el pepino,learn,FALSE
Unidad 6,die Banane,el plátano,learn,FALSE
Unidad 6,die Tortilla,la tortilla,learn,FALSE
Unidad 6,das Kilo,el kilo,learn,FALSE
Unidad 6,der Liter,el litro,learn,FALSE
Unidad 6,das Dutzend,la docena,learn,FALSE
Unidad 6,die Packung,el paquete,learn,FALSE
Unidad 6,die Dose,la lata,learn,FALSE
Unidad 6,die Flasche,la botella,learn,FALSE
Unidad 6,die Tüte,la bolsa,learn,FALSE
Unidad 6,das Glas,el bote,learn,FALSE
Unidad 6,kosten,costar,learn,FALSE
Unidad 6,der Euro,el euro,learn,FALSE
Unidad 6,der Cent,el céntimo,learn,FALSE
Unidad 6,alles,todo,learn,FALSE
Unidad 6,das Tagesmenü,el menú del día,learn,FALSE
Unidad 6,das Gericht / der Gang,el plato,learn,FALSE
Unidad 6,die Vorspeise,el primer plato,learn,FALSE
Unidad 6,die Suppe,la sopa,learn,FALSE
Unidad 6,gemischt,"mixto, -a",learn,FALSE
Unidad 6,patatas bravas,las patatas bravas,learn,FALSE
Unidad 6,die Krokette,la croqueta,learn,FALSE
Unidad 6,das Hauptgericht,el segundo plato,learn,FALSE
Unidad 6,gebraten / gegrillt,"asado, -a",learn,FALSE
Unidad 6,der Tintenfisch,el calamar,learn,FALSE
Unidad 6,das Filet / Schnitzel,el filete,learn,FALSE
Unidad 6,das Schwein,el cerdo,learn,FALSE
Unidad 6,der Nachtisch / das Dessert,el postre,learn,FALSE
Unidad 6,der (Karamell-)Pudding,el flan,learn,FALSE
Unidad 6,der Obstsalat,la macedonia de frutas,learn,FALSE
Unidad 6,der Milchreis,el arroz con leche,learn,FALSE
Unidad 6,der Kellner / die Kellnerin,el camarero / la camarera,learn,FALSE
Unidad 6,die gefüllte Teigtasche,la empanadilla,learn,FALSE
Unidad 6,der russische Salat,la ensaladilla rusa,learn,FALSE
Unidad 6,noch ein(e),"otro, otra",learn,FALSE
Unidad 6,eine Zutat haben,llevar algo,learn,FALSE
Unidad 6,bestellen / verlangen,pedir algo,learn,FALSE
Unidad 6,etw./jdn (mit)bringen,traer algo / a alguien,learn,FALSE
Unidad 6,die Idee,la idea,learn,FALSE
Unidad 6,sich etw. teilen,compartir algo,learn,FALSE
Unidad 6,schlecht,"malo, -a",learn,FALSE
Unidad 6,die Kohlensäure,el gas,learn,FALSE
Unidad 6,jetzt / sofort,ahora,learn,FALSE
Unidad 6,salzig,"salado, -a",learn,FALSE
Unidad 6,fade / ungesalzen,"soso, -a",learn,FALSE
Unidad 6,zu (+ Adjektiv),demasiado,learn,FALSE
Unidad 6,scharf,picante,learn,FALSE
Unidad 6,die Portion,la ración,learn,FALSE
Unidad 6,der Kabeljau / Stockfisch,el bacalao,learn,FALSE
Unidad 6,jdm etw. sagen,decir algo a alguien,learn,FALSE
Unidad 6,die Rechnung,la cuenta,learn,FALSE
Unidad 6,das Chilipulver / der Chili,el chile,learn,FALSE
Unidad 6,die Zutat,el ingrediente,learn,FALSE
Unidad 6,der Mais,el maíz,learn,FALSE
Unidad 6,der Champignon,el champiñón,learn,FALSE
Unidad 6,die Salami,el salami,learn,FALSE
Unidad 6,kalt,"frío, -a",learn,FALSE
Unidad 6,warm / heiß,caliente,learn,FALSE
Unidad 7,die Reise,el viaje,learn,FALSE
Unidad 7,allein,"solo, -a",learn,FALSE
Unidad 7,der Frühling,la primavera,learn,FALSE
Unidad 7,der Herbst,el otoño,learn,FALSE
Unidad 7,der Winter,el invierno,learn,FALSE
Unidad 7,wohin?,¿Adónde?,learn,FALSE
Unidad 7,der Berg,la montaña,learn,FALSE
Unidad 7,das Gasthaus,el hostal,learn,FALSE
Unidad 7,der Campingplatz,el camping,learn,FALSE
Unidad 7,das (Ferien-)Apartment,el apartamento,learn,FALSE
Unidad 7,das Flugzeug,el avión,learn,FALSE
Unidad 7,das Schiff,el barco,learn,FALSE
Unidad 7,die Sehenswürdigkeit,el monumento,learn,FALSE
Unidad 7,Ski fahren,esquiar,learn,FALSE
Unidad 7,die Burg,el castillo,learn,FALSE
Unidad 7,die Wüste,el desierto,learn,FALSE
Unidad 7,das Tier,el animal,learn,FALSE
Unidad 7,die Kirche,la iglesia,learn,FALSE
Unidad 7,der Wald,el bosque,learn,FALSE
Unidad 7,der Turm,la torre,learn,FALSE
Unidad 7,der Baum,el árbol,learn,FALSE
Unidad 7,das Meer,el mar,learn,FALSE
Unidad 7,der Schnee,la nieve,learn,FALSE
Unidad 7,der See,el lago,learn,FALSE
Unidad 7,im Vordergrund,en primer plano,learn,FALSE
Unidad 7,im Hintergrund,al fondo,learn,FALSE
Unidad 7,der Süden,el sur,learn,FALSE
Unidad 7,der Norden,el norte,learn,FALSE
Unidad 7,der Osten,el este,learn,FALSE
Unidad 7,der Westen,el oeste,learn,FALSE
Unidad 7,die Region,la región,learn,FALSE
Unidad 7,bevölkert,"poblado, -a",learn,FALSE
Unidad 7,eine Million,un millón,learn,FALSE
Unidad 7,der Einwohner / die Einwohnerin,el/la habitante,learn,FALSE
Unidad 7,die Provinz,la provincia,learn,FALSE
Unidad 7,hoch / groß,"alto, -a",learn,FALSE
Unidad 7,der Meter,el metro,learn,FALSE
Unidad 7,die Küste,la costa,learn,FALSE
Unidad 7,lang,"largo, -a",learn,FALSE
Unidad 7,das Wetter,el tiempo,learn,FALSE
Unidad 7,pro Jahr,al año,learn,FALSE
Unidad 7,etw. erzeugen / produzieren,producir algo,learn,FALSE
Unidad 7,das Produkt,el producto,learn,FALSE
Unidad 7,vor allem,sobre todo,learn,FALSE
Unidad 7,die Olive,la oliva,learn,FALSE
Unidad 7,die Tonne,la tonelada,learn,FALSE
Unidad 7,besucht,"visitado, -a",learn,FALSE
Unidad 7,besuchen,visitar,learn,FALSE
Unidad 7,ungefähr,"unos, -as",learn,FALSE
Unidad 7,die Moschee,la mezquita,learn,FALSE
Unidad 7,der Dom / die Kathedrale,la catedral,learn,FALSE
Unidad 7,der Tourismus,el turismo,learn,FALSE
Unidad 7,wegen,por,learn,FALSE
Unidad 7,jede(r),cada,learn,FALSE
Unidad 7,morgen,mañana,learn,FALSE
Unidad 7,jdm etw. erzählen,contar algo a alguien,learn,FALSE
Unidad 7,von hier aus,desde aquí,learn,FALSE
Unidad 7,die Option / die Wahl,la opción,learn,FALSE
Unidad 7,ankommen,llegar,learn,FALSE
Unidad 7,die Fahrkarte / das Ticket,el billete,learn,FALSE
Unidad 7,billig / preiswert,"barato, -a",learn,FALSE
Unidad 7,jdm etw. empfehlen,recomendar algo a alguien,learn,FALSE
Unidad 7,praktisch,"práctico, -a",learn,FALSE
Unidad 7,schnell,"rápido, -a",learn,FALSE
Unidad 7,dauern,durar,learn,FALSE
Unidad 7,ökologisch / umweltfreundlich,"ecológico, -a",learn,FALSE
Unidad 7,der nächste,siguiente,learn,FALSE
Unidad 7,etw. mieten,alquilar algo,learn,FALSE
Unidad 7,bequem,"cómodo, -a",learn,FALSE
Unidad 7,teuer,"caro, -a",learn,FALSE
Unidad 7,etw. nehmen,coger algo,learn,FALSE
Unidad 7,über,sobre,learn,FALSE
Unidad 7,der Blog,el blog,learn,FALSE
Unidad 7,langsam,"lento, -a",learn,FALSE
Unidad 7,einzeln,individual,learn,FALSE
Unidad 7,Doppel-,doble,learn,FALSE
Unidad 7,die Klimaanlage,el aire acondicionado,learn,FALSE
Unidad 7,der Dienst / die Dienstleistung,el servicio,learn,FALSE
Unidad 7,der Parkplatz,el aparcamiento,learn,FALSE
Unidad 7,die Rezeption,la recepción,learn,FALSE
Unidad 7,etw. erlauben,permitir algo,learn,FALSE
Unidad 7,das Geschoss / der Stock,el piso,learn,FALSE
Unidad 7,etw. fragen,preguntar algo,learn,FALSE
Unidad 7,die Sonne scheint,hace sol,learn,FALSE
Unidad 7,es ist windig,hace viento,learn,FALSE
Unidad 7,es regnet,llover,learn,FALSE
Unidad 7,schneien,nevar,learn,FALSE
Unidad 7,es ist bewölkt,está nublado,learn,FALSE
Unidad 7,Nebel,niebla,learn,FALSE
Unidad 7,Grad unter Null,bajo cero,learn,FALSE
Unidad 7,es ist warm,hace calor,learn,FALSE
Unidad 7,es ist kalt,hace frío,learn,FALSE
Unidad 7,gestern,ayer,learn,FALSE
Unidad 7,vor (+ Zeitraum),hace,learn,FALSE
Unidad 7,etw. bemerken,notar algo,learn,FALSE
Unidad 7,rot,"rojo, -a",learn,FALSE
Unidad 7,letzte(r),"pasado, -a",learn,FALSE
Unidad 7,als,cuando,learn,FALSE
Unidad 7,wirken / scheinen,parecer,learn,FALSE
Unidad 7,etw./jdn vergessen,olvidarse de algo / alguien,learn,FALSE
Unidad 7,völlig,totalmente,learn,FALSE
Unidad 7,etw. reservieren,reservar algo,learn,FALSE
Unidad 7,vorher,antes,learn,FALSE
Unidad 7,jemand,alguien,learn,FALSE
Unidad 7,der/die/das ganze,todo el / toda la,learn,FALSE
Unidad 7,typisch,"típico, -a",learn,FALSE
Unidad 7,spazieren gehen,pasear,learn,FALSE
Unidad 7,der Spaziergang,el paseo,learn,FALSE
Unidad 7,alle,todos / todas,learn,FALSE
Unidad 7,wandern,hacer senderismo,learn,FALSE
Unidad 7,tauchen / schnorcheln,bucear,learn,FALSE
Unidad 7,der Koffer,la maleta,learn,FALSE
Unidad 8,etw. verdienen,ganar algo,learn,FALSE
Unidad 8,etw. bilden / formen,formar algo,learn,FALSE
Unidad 8,etw. auswählen,elegir algo,learn,FALSE
Unidad 8,der Beruf,la profesión,learn,FALSE
Unidad 8,die Erfahrung,la experiencia,learn,FALSE
Unidad 8,das Komma,la coma,learn,FALSE
Unidad 8,Prozent,el … por ciento,learn,FALSE
Unidad 8,die Hälfte,la mitad,learn,FALSE
Unidad 8,die Mehrheit / die meisten,la mayoría,learn,FALSE
Unidad 8,das Büro,la oficina,learn,FALSE
Unidad 8,der Sekretär / die Sekretärin,el secretario / la secretaria,learn,FALSE
Unidad 8,der Polizist / die Polizistin,el/la policía,learn,FALSE
Unidad 8,der Blogger / die Bloggerin,el bloguero / la bloguera,learn,FALSE
Unidad 8,der Betreuer / die Betreuerin,el monitor / la monitora,learn,FALSE
Unidad 8,das Camp,el campamento,learn,FALSE
Unidad 8,der Modedesigner / die Modedesignerin,el/la diseñador(a) de moda,learn,FALSE
Unidad 8,der Rettungsschwimmer / die Rettungsschwimmerin,el/la socorrista,learn,FALSE
Unidad 8,der Verkäufer / die Verkäuferin,el dependiente / la dependienta,learn,FALSE
Unidad 8,der Webdesigner / die Webdesignerin,el/la diseñador(a) de páginas web,learn,FALSE
Unidad 8,kreativ,"creativo, -a",learn,FALSE
Unidad 8,flexibel,flexible,learn,FALSE
Unidad 8,kontaktfreudig / offen,"comunicativo, -a",learn,FALSE
Unidad 8,sportlich,deportista,learn,FALSE
Unidad 8,der Sport,el deporte,learn,FALSE
Unidad 8,etw. wissen / können,saber algo,learn,FALSE
Unidad 8,das Team / die Mannschaft,el equipo,learn,FALSE
Unidad 8,teamfähig sein,trabajar en equipo,learn,FALSE
Unidad 8,das Kind,el niño / la niña,learn,FALSE
Unidad 8,die Kenntnisse,los conocimientos,learn,FALSE
Unidad 8,die Biologie,la biología,learn,FALSE
Unidad 8,das Geburtsdatum,la fecha de nacimiento,learn,FALSE
Unidad 8,die Ausbildung,la formación,learn,FALSE
Unidad 8,der/die/das (Relativpronomen),que,learn,FALSE
Unidad 8,triumphieren,triunfar,learn,FALSE
Unidad 8,die Welt,el mundo,learn,FALSE
Unidad 8,um etw. kämpfen,luchar por algo,learn,FALSE
Unidad 8,der Traum,el sueño,learn,FALSE
Unidad 8,niemand,nadie,learn,FALSE
Unidad 8,anhalten / Halt machen,parar,learn,FALSE
Unidad 8,die Haltestelle,la parada,learn,FALSE
Unidad 8,geboren werden,nacer,learn,FALSE
Unidad 8,die Geburt,el nacimiento,learn,FALSE
Unidad 8,seit,desde,learn,FALSE
Unidad 8,etw. zeichnen,dibujar algo,learn,FALSE
Unidad 8,die Zeichnung,el dibujo,learn,FALSE
Unidad 8,das Design,el diseño,learn,FALSE
Unidad 8,etw. entdecken,descubrir algo,learn,FALSE
Unidad 8,die Leidenschaft,la pasión,learn,FALSE
Unidad 8,die Schule,el colegio,learn,FALSE
Unidad 8,spät,tarde,learn,FALSE
Unidad 8,die Epoche / die Zeit,la época,learn,FALSE
Unidad 8,der Albtraum,la pesadilla,learn,FALSE
Unidad 8,etw. erleiden,sufrir algo,learn,FALSE
Unidad 8,das Mobbing,el acoso (escolar),learn,FALSE
Unidad 8,trotzdem,sin embargo,learn,FALSE
Unidad 8,jdn unterstützen,apoyar a alguien,learn,FALSE
Unidad 8,die Oberstufe,el Bachillerato,learn,FALSE
Unidad 8,das (Universitäts-)Studium,la carrera,learn,FALSE
Unidad 8,genießen,disfrutar,learn,FALSE
Unidad 8,das Leben,la vida,learn,FALSE
Unidad 8,etw. beenden,terminar de hacer algo,learn,FALSE
Unidad 8,die Gelegenheit / die Chance,la oportunidad,learn,FALSE
Unidad 8,an etw. teilnehmen,participar en algo,learn,FALSE
Unidad 8,etw. lassen / aufgeben,dejar algo,learn,FALSE
Unidad 8,sich etw./jdm widmen,dedicarse a algo / alguien,learn,FALSE
Unidad 8,einfach,fácil,learn,FALSE
Unidad 8,schwierig,difícil,learn,FALSE
Unidad 8,das Kostüm / der Anzug,el traje,learn,FALSE
Unidad 8,die Unterstützung,el apoyo,learn,FALSE
Unidad 8,etw. öffnen,abrir algo,learn,FALSE
Unidad 8,der Kunde / die Kundin,el cliente / la clienta,learn,FALSE
Unidad 8,der Erfolg,el éxito,learn,FALSE
Unidad 8,etw. hochladen,subir algo,learn,FALSE
Unidad 8,das soziale Netzwerk,la red social,learn,FALSE
Unidad 8,plötzlich,de repente,learn,FALSE
Unidad 8,die Frau / Ehefrau,la mujer,learn,FALSE
Unidad 8,der Mann,el hombre,learn,FALSE
Unidad 8,zurzeit,actualmente,learn,FALSE
Unidad 8,der letzte,"último, -a",learn,FALSE
Unidad 8,von … bis,desde … hasta,learn,FALSE
Unidad 8,der Lebenslauf,el currículum,learn,FALSE
Unidad 8,beruflich,profesional,learn,FALSE
Unidad 8,die Muttersprache,la lengua materna,learn,FALSE
Unidad 8,das Anschreiben,la carta de presentación,learn,FALSE
Unidad 8,das Niveau,el nivel,learn,FALSE
Unidad 8,der Betreff / die Angelegenheit,el asunto,learn,FALSE
Unidad 8,sehr geehrte(r),"estimado, -a",learn,FALSE
Unidad 8,die Antwort,la respuesta,learn,FALSE
Unidad 8,die Anzeige,el anuncio,learn,FALSE
Unidad 8,gerade etw. getan haben,acabar de hacer algo,learn,FALSE
Unidad 8,fleißig / arbeitsam,"trabajador, -a",learn,FALSE
Unidad 8,verantwortungsbewusst,responsable,learn,FALSE
Unidad 8,jdn kennen / kennenlernen,conocer a alguien,learn,FALSE
Unidad 8,seit (+ Zeitraum),desde hace,learn,FALSE
Unidad 8,Mit freundlichen Grüßen,Atentamente,learn,FALSE
Unidad 8,die Bluse,la blusa,learn,FALSE
Unidad 8,der Rock,la falda,learn,FALSE
Unidad 8,die Sportschuhe,las zapatillas de deporte,learn,FALSE
Unidad 8,der Schuh,el zapato,learn,FALSE
Unidad 8,das Hemd,la camisa,learn,FALSE
Unidad 8,der Pullover,el jersey,learn,FALSE
Unidad 8,die Jeanshose,los vaqueros,learn,FALSE
Unidad 8,der Mantel,el abrigo,learn,FALSE
Unidad 8,das Kleid,el vestido,learn,FALSE
Unidad 8,der Schal,la bufanda,learn,FALSE
Unidad 8,die Jacke,la chaqueta,learn,FALSE
Unidad 8,die Hose,el pantalón,learn,FALSE
Unidad 8,das T-Shirt,la camiseta,learn,FALSE
Unidad 8,kurz,"corto, -a",learn,FALSE
Unidad 8,breit / weit,"ancho, -a",learn,FALSE
Unidad 8,eng,"estrecho, -a",learn,FALSE
Unidad 8,elegant,elegante,learn,FALSE
Unidad 8,klassisch,"clásico, -a",learn,FALSE
Unidad 8,modern,"moderno, -a",learn,FALSE
Unidad 8,formell,formal,learn,FALSE
Unidad 8,etw. mit etw. verbinden,relacionar algo con algo,learn,FALSE
Unidad 8,die Farbe,el color,learn,FALSE
Unidad 8,schwarz,"negro, -a",learn,FALSE
Unidad 8,blau,azul,learn,FALSE
Unidad 8,rosa,rosa,learn,FALSE
Unidad 8,grün,verde,learn,FALSE
Unidad 8,gelb,"amarillo, -a",learn,FALSE
Unidad 8,weiß,"blanco, -a",learn,FALSE
Unidad 8,lila,lila,learn,FALSE
Unidad 8,orange,naranja,learn,FALSE
Unidad 8,grau,gris,learn,FALSE
Unidad 8,braun,marrón,learn,FALSE
Unidad 8,das Vorstellungsgespräch,la entrevista (de trabajo),learn,FALSE
Unidad 8,einige,"algunos, -as",learn,FALSE
Unidad 8,die Firma,la empresa,learn,FALSE
Unidad 8,der Stil,el estilo,learn,FALSE
Unidad 8,jdm etw. zeigen,mostrar algo a alguien,learn,FALSE
Unidad 8,dieser / diese / dieses,"este, esta",learn,FALSE
Unidad 8,jener / jene,"aquel, aquella",learn,FALSE
Unidad 8,welche(r/s)?,¿Cuál…?,learn,FALSE
Unidad 9,das Projekt,el proyecto,learn,FALSE
Unidad 9,an etw. grenzen,limitar (con …),learn,FALSE
Unidad 9,der Regenwald / der Dschungel,la selva,learn,FALSE
Unidad 9,der Kondor,el cóndor,learn,FALSE
Unidad 9,der Soldat / die Soldatin,el/la soldado,learn,FALSE
Unidad 9,die Eroberung,la conquista,learn,FALSE
Unidad 9,das Reich,el imperio,learn,FALSE
Unidad 9,der Anführer / die Anführerin,el/la líder,learn,FALSE
Unidad 9,jdn töten,matar a alguien,learn,FALSE
Unidad 9,die Kolonie,la colonia,learn,FALSE
Unidad 9,der Präsident / die Präsidentin,el presidente / la presidenta,learn,FALSE
Unidad 9,indigen / eingeboren,indígena,learn,FALSE
Unidad 9,etw. erreichen / schaffen,lograr algo,learn,FALSE
Unidad 9,die Unabhängigkeit,la independencia,learn,FALSE
Unidad 9,während,durante,learn,FALSE
Unidad 9,das Jahrhundert,el siglo,learn,FALSE
Unidad 9,passieren / geschehen,pasar,learn,FALSE
Unidad 9,das Territorium / das Gebiet,el territorio,learn,FALSE
Unidad 9,die Religion,la religión,learn,FALSE
Unidad 9,die Architektur,la arquitectura,learn,FALSE
Unidad 9,die Erziehung,la educación,learn,FALSE
Unidad 9,etw. einnehmen / besetzen,ocupar algo,learn,FALSE
Unidad 9,der Teil,la parte,learn,FALSE
Unidad 9,der Gott / die Göttin,el dios / la diosa,learn,FALSE
Unidad 9,das Meerschweinchen,el conejillo de Indias,learn,FALSE
Unidad 9,früher / damals,antes,learn,FALSE
Unidad 9,etw. anbauen,cultivar algo,learn,FALSE
Unidad 9,schon,ya,learn,FALSE
Unidad 9,der Adlige / die Adlige,el/la noble,learn,FALSE
Unidad 9,das Wissen,el saber,learn,FALSE
Unidad 9,etw. lernen,aprender (a hacer) algo,learn,FALSE
Unidad 9,sich um jdn kümmern,cuidar algo / a alguien,learn,FALSE
Unidad 9,die Flöte,la flauta,learn,FALSE
Unidad 9,der Knochen,el hueso,learn,FALSE
Unidad 9,menschlich,"humano, -a",learn,FALSE
Unidad 9,das Quechua,el quechua,learn,FALSE
Unidad 9,immer noch,todavía,learn,FALSE
Unidad 9,etw. (er)bauen,construir algo,learn,FALSE
Unidad 9,die Brücke,el puente,learn,FALSE
Unidad 9,die Hängebrücke,el puente colgante,learn,FALSE
Unidad 9,das System,el sistema,learn,FALSE
Unidad 9,der Knoten,el nudo,learn,FALSE
Unidad 9,mit jdm kommunizieren,comunicarse con alguien,learn,FALSE
Unidad 9,etw. bedeuten,significar algo,learn,FALSE
Unidad 9,das Pferd,el caballo,learn,FALSE
Unidad 9,das Rad,la rueda,learn,FALSE
Unidad 9,rennen / laufen,correr,learn,FALSE
Unidad 9,die Gruppe,el grupo,learn,FALSE
Unidad 9,wo (Relativpronomen),donde,learn,FALSE
Unidad 9,die Wahrheit,la verdad,learn,FALSE
Unidad 9,verkleidet,"disfrazado, -a",learn,FALSE
Unidad 9,fliegen,volar,learn,FALSE
Unidad 9,etw./jdn mitnehmen,llevarse algo / a alguien,learn,FALSE
Unidad 9,die Schlucht,el barranco,learn,FALSE
Unidad 9,glücklich,feliz,learn,FALSE
Unidad 9,weinen,llorar,learn,FALSE
Unidad 9,etw./jdn vermissen,echar de menos algo / a alguien,learn,FALSE
Unidad 9,der Vogel,el pájaro,learn,FALSE
Unidad 9,jdm antworten,contestar algo a alguien,learn,FALSE
Unidad 9,die Blume,la flor,learn,FALSE
Unidad 9,jdn befreien,liberar a alguien,learn,FALSE
Unidad 9,frei,libre,learn,FALSE
Unidad 9,der Esel,el burro,learn,FALSE
Unidad 9,alt,"viejo, -a",learn,FALSE
Unidad 9,sterben,morir(se),learn,FALSE
Unidad 9,geboren werden,nacer,learn,FALSE
Unidad 9,während,mientras,learn,FALSE
Unidad 9,die Kröte,el sapo,learn,FALSE
Unidad 9,das Haar,el pelo,learn,FALSE
Unidad 9,blond,"rubio, -a",learn,FALSE
Unidad 9,dunkelhaarig,"moreno, -a",learn,FALSE
Unidad 9,kastanienbraun,"castaño, -a",learn,FALSE
Unidad 9,rothaarig,"pelirrojo, -a",learn,FALSE
Unidad 9,die Haut,la piel,learn,FALSE
Unidad 9,hell,"claro, -a",learn,FALSE
Unidad 9,das Auge,el ojo,learn,FALSE
Unidad 9,die Brille,las gafas,learn,FALSE
Unidad 9,der Bart,la barba,learn,FALSE
Unidad 9,klein (Körpergröße),"bajo, -a",learn,FALSE
Unidad 9,schlank,"delgado, -a",learn,FALSE
Unidad 9,dick,"gordo, -a",learn,FALSE
Unidad 9,dünn,delgado,learn,FALSE
Unidad 9,der/die Freiwillige,el voluntario / la voluntaria,learn,FALSE
Unidad 9,peruanisch,"peruano, -a",learn,FALSE
Unidad 9,NGO,ONG,learn,FALSE
Unidad 9,etw./jdn finden,encontrar algo / a alguien,learn,FALSE
Unidad 9,jdm etw. unterrichten,enseñar algo a alguien,learn,FALSE
Unidad 9,die Gesellschaftsschicht,la clase social,learn,FALSE
Unidad 9,wohlhabend,"acomodado, -a",learn,FALSE
Unidad 9,arm,pobre,learn,FALSE
Unidad 9,der/die Quechua-Indianer(in),el/la quechua,learn,FALSE
Unidad 9,das Volk,el pueblo,learn,FALSE
Unidad 9,die Integration,la integración,learn,FALSE
Unidad 9,bedauerlich,lamentable,learn,FALSE
Unidad 9,die Lage / die Situation,la situación,learn,FALSE
Unidad 9,kompliziert,"complicado, -a",learn,FALSE
Unidad 9,(zu Fuß) gehen,andar,learn,FALSE
Unidad 9,der Alkohol,el alcohol,learn,FALSE
Unidad 9,die Gewalt,la violencia,learn,FALSE
Unidad 9,das Feld,el campo,learn,FALSE
Unidad 9,das Ziel,el objetivo,learn,FALSE
Unidad 9,die Zukunft,el futuro,learn,FALSE
Unidad 9,jdm etw. erklären,explicar algo a alguien,learn,FALSE

